AUTO_FLAG,CATA_ID,CATA_TYPE,EPI_DEPTH,EPI_LAT,EPI_LON,EQ_CATA_TYPE,EQ_TYPE,IS_DEL,LOCATION_C,LOCATION_S,LOC_STN,M,M_MB,M_MB2,M_ML,M_MS,M_MS7,NEW_DID,O_TIME,O_TIME_FRA,SAVE_TIME,SUM_STN,SYNC_TIME,id
M,CC20230126184554.00,,130,-30.30,-178.80,,M,,新西兰克马德克群岛,,0,6.0,0,0,0,0,0,CC20230126184554,2023-01-26 18:45:53,0,2023-01-26 19:11:09,0,2023-01-26 19:11:09,44479
M,CD20230126174844.00,,10,35.76,79.94,,M,,新疆和田地区和田县,,0,3.2,0,0,0,0,0,CD20230126174844,2023-01-26 17:48:43,0,2023-01-26 17:59:51,0,2023-01-26 17:59:53,44478
M,CD20230126170519.00,,23,37.53,77.41,,M,,新疆喀什地区叶城县,,0,3.0,0,0,0,0,0,CD20230126170519,2023-01-26 17:05:19,0,2023-01-26 17:15:02,0,2023-01-26 17:15:05,44477
M,CC20230126072132.00,,14,29.63,101.99,,M,,四川甘孜州泸定县,,0,4.4,0,0,0,0,0,CC20230126072132,2023-01-26 07:21:32,0,2023-01-26 07:29:15,0,2023-01-26 07:29:15,44476
M,CD20230126055455.00,,10,35.75,79.85,,M,,新疆和田地区和田县,,0,3.2,0,0,0,0,0,CD20230126055455,2023-01-26 05:54:54,0,2023-01-26 06:07:28,0,2023-01-26 06:07:28,44475
M,CD20230126055341.00,,10,35.69,79.82,,M,,新疆和田地区和田县,,0,3.2,0,0,0,0,0,CD20230126055341,2023-01-26 05:53:40,0,2023-01-26 06:07:08,0,2023-01-26 06:07:11,44474
M,CD20230126052212.00,,8,29.64,101.98,,M,,四川甘孜州泸定县,,0,3.2,0,0,0,0,0,CD20230126052212,2023-01-26 05:22:11,0,2023-01-26 05:27:20,0,2023-01-26 05:27:21,44473
M,CC20230126051907.00,,10,29.66,101.96,,M,,四川甘孜州泸定县,,0,3.3,0,0,0,0,0,CC20230126051907,2023-01-26 05:19:07,0,2023-01-26 05:25:48,0,2023-01-26 05:25:49,44472
M,CC20230126045719.00,,10,29.65,101.98,,M,,四川甘孜州泸定县,,0,4.0,0,0,0,0,0,CC20230126045719,2023-01-26 04:57:18,0,2023-01-26 05:04:59,0,2023-01-26 05:05:01,44471
M,CD20230126045109.00,,11,29.61,102.00,,M,,四川甘孜州泸定县,,0,3.6,0,0,0,0,0,CD20230126045109,2023-01-26 04:51:09,0,2023-01-26 04:57:40,0,2023-01-26 04:57:40,44469
M,CD20230126044908.00,,10,35.73,79.81,,M,,新疆和田地区和田县,,0,3.1,0,0,0,0,0,CD20230126044908,2023-01-26 04:49:08,0,2023-01-26 05:00:27,0,2023-01-26 05:00:27,44470
M,CD20230126043043.00,,12,29.62,102.01,,M,,四川甘孜州泸定县,,0,3.2,0,0,0,0,0,CD20230126043043,2023-01-26 04:30:43,0,2023-01-26 04:36:08,0,2023-01-26 04:36:08,44468
M,CD20230126040326.00,,9,29.63,101.99,,M,,四川甘孜州泸定县,,0,2.9,0,0,0,0,0,CD20230126040326,2023-01-26 04:03:25,0,2023-01-26 04:12:33,0,2023-01-26 04:12:34,44466
M,CC20230126035016.00,,10,29.66,102.07,,M,,四川甘孜州泸定县,,0,4.5,0,0,0,0,0,CC20230126035016,2023-01-26 03:50:16,0,2023-01-26 04:35:21,0,2023-01-26 04:35:21,44467
M,CC20230126034944.00,,11,29.63,102.01,,M,,四川甘孜州泸定县,,0,5.6,0,0,0,0,0,CC20230126034944,2023-01-26 03:49:43,0,2023-01-26 04:01:46,0,2023-01-26 04:01:47,44465
M,CD20230126001048.00,,10,35.79,79.82,,M,,新疆和田地区和田县,,0,3.8,0,0,0,0,0,CD20230126001048,2023-01-26 00:10:47,0,2023-01-26 00:18:12,0,2023-01-26 00:18:12,44463
M,CD20230126000928.00,,10,35.73,79.81,,M,,新疆和田地区和田县,,0,3.0,0,0,0,0,0,CD20230126000928,2023-01-26 00:09:27,0,2023-01-26 00:18:59,0,2023-01-26 00:18:59,44464
M,CD20230126000210.00,,10,35.83,79.89,,M,,新疆和田地区和田县,,0,4.9,0,0,0,0,0,CD20230126000210,2023-01-26 00:02:10,0,2023-01-26 00:10:55,0,2023-01-26 00:10:55,44462
M,CD20230125214826.00,,21,44.83,81.15,,M,,新疆博尔塔拉州温泉县,,0,3.4,0,0,0,0,0,CD20230125214826,2023-01-25 21:48:25,0,2023-01-25 21:54:07,0,2023-01-25 21:54:08,44461
M,CD20230125211338.00,,10,41.22,83.97,,M,,新疆阿克苏地区库车市,,0,3.9,0,0,0,0,0,CD20230125211338,2023-01-25 21:13:38,0,2023-01-25 21:22:35,0,2023-01-25 21:22:35,44460
M,CC20230125203706.00,,50,35.65,28.55,,M,,地中海,,0,5.8,0,0,0,0,0,CC20230125203706,2023-01-25 20:37:06,0,2023-01-25 20:58:45,0,2023-01-25 20:58:48,44459
M,CD20230125044715.00,,9,38.08,100.13,,M,,青海海北州祁连县,,0,3.0,0,0,0,0,0,CD20230125044715,2023-01-25 04:47:14,0,2023-01-25 05:00:27,0,2023-01-25 05:00:29,44458
M,CC20230125023659.00,,600,-26.75,-63.15,,M,,阿根廷,,0,6.3,0,0,0,0,0,CC20230125023659,2023-01-25 02:36:59,0,2023-01-25 03:00:39,0,2023-01-25 03:00:41,44457
M,CC20230124165832.00,,10,29.55,81.50,,M,,尼泊尔,,0,5.0,0,0,0,0,0,CC20230124165832,2023-01-24 16:58:32,0,2023-01-24 17:13:49,0,2023-01-24 17:13:52,44456
M,CC20230124113835.00,,10,36.42,114.26,,M,,河北邯郸市磁县,,0,2.1,0,0,0,0,0,CC20230124113835,2023-01-24 11:38:34,0,2023-01-24 11:46:16,0,2023-01-24 11:46:17,44455
M,CD20230124105729.00,,8,36.42,114.26,,M,,河北邯郸市磁县,,0,2.5,0,0,0,0,0,CD20230124105729,2023-01-24 10:57:29,0,2023-01-24 11:03:28,0,2023-01-24 11:03:28,44454
M,CC20230124101317.00,,30,2.85,127.00,,M,,印尼马鲁古海,,0,5.5,0,0,0,0,0,CC20230124101317,2023-01-24 10:13:17,0,2023-01-24 10:38:53,0,2023-01-24 10:38:56,44453
M,CD20230123135341.00,,12,39.15,118.56,,M,,河北唐山市曹妃甸区海域,,0,2.4,0,0,0,0,0,CD20230123135341,2023-01-23 13:53:41,0,2023-01-23 14:03:48,0,2023-01-23 14:03:52,44452
M,CD20230123060826.00,,9,38.48,99.21,,M,,青海海北州祁连县,,0,3.2,0,0,0,0,0,CD20230123060826,2023-01-23 06:08:25,0,2023-01-23 06:17:16,0,2023-01-23 06:17:16,44451
M,CD20230122223653.00,,9,38.57,93.50,,M,,青海海西州茫崖市,,0,3.3,0,0,0,0,0,CD20230122223653,2023-01-22 22:36:53,0,2023-01-22 22:44:42,0,2023-01-22 22:44:45,44450
M,CC20230121060938.00,,600,-26.80,-63.20,,M,,阿根廷,,0,6.6,0,0,0,0,0,CC20230121060938,2023-01-21 06:09:38,0,2023-01-21 06:36:25,0,2023-01-21 06:36:25,44449
M,CD20230121004323.00,,10,33.66,81.85,,M,,西藏阿里地区日土县,,0,3.1,0,0,0,0,0,CD20230121004323,2023-01-21 00:43:23,0,2023-01-21 00:50:22,0,2023-01-21 00:50:23,44448
M,CC20230120192340.00,,170,16.15,-62.15,,M,,背风群岛,,0,6.2,0,0,0,0,0,CC20230120192340,2023-01-20 19:23:39,0,2023-01-20 19:45:50,0,2023-01-20 19:45:50,44447
M,CD20230120092016.00,,10,35.84,79.93,,M,,新疆和田地区和田县,,0,3.2,0,0,0,0,0,CD20230120092016,2023-01-20 09:20:15,0,2023-01-20 09:26:16,0,2023-01-20 09:26:18,44446
M,CD20230120073249.00,,10,35.79,79.87,,M,,新疆和田地区和田县,,0,3.0,0,0,0,0,0,CD20230120073249,2023-01-20 07:32:48,0,2023-01-20 07:43:28,0,2023-01-20 07:43:30,44445
M,CD20230119203515.00,,20,41.02,82.85,,M,,新疆阿克苏地区沙雅县,,0,3.0,0,0,0,0,0,CD20230119203515,2023-01-19 20:35:15,0,2023-01-19 20:42:40,0,2023-01-19 20:42:42,44444
M,CC20230119193041.00,,150,35.40,71.40,,M,,阿富汗,,0,5.4,0,0,0,0,0,CC20230119193041,2023-01-19 19:30:41,0,2023-01-19 19:49:21,0,2023-01-19 19:49:22,44443
M,CD20230118195427.00,,8,41.25,84.04,,M,,新疆巴音郭楞州轮台县,,0,3.3,0,0,0,0,0,CD20230118195427,2023-01-18 19:54:27,0,2023-01-18 20:02:32,0,2023-01-18 20:02:34,44442
M,CC20230118180813.00,,10,38.50,45.05,,M,,伊朗,,0,5.6,0,0,0,0,0,CC20230118180813,2023-01-18 18:08:13,0,2023-01-18 18:24:40,0,2023-01-18 18:24:45,44441
M,CC20230118140615.00,,40,2.80,127.10,,M,,印尼马鲁古海,,0,7.0,0,0,0,0,0,CC20230118140615,2023-01-18 14:06:14,0,2023-01-18 14:28:53,0,2023-01-18 14:28:53,44440
M,CC20230118083446.00,,160,-0.10,123.30,,M,,印尼苏拉威西岛附近海域,,0,6.1,0,0,0,0,0,CC20230118083446,2023-01-18 08:34:45,0,2023-01-18 08:53:35,0,2023-01-18 08:53:36,44439
M,CD20230117171734.00,,8,31.71,112.01,,M,,湖北襄阳市南漳县,,0,3.6,0,0,0,0,0,CD20230117171734,2023-01-17 17:17:33,0,2023-01-17 17:25:18,0,2023-01-17 17:25:18,44438
M,CD20230117171304.00,,8,31.71,111.99,,M,,湖北襄阳市南漳县,,0,3.2,0,0,0,0,0,CD20230117171304,2023-01-17 17:13:04,0,2023-01-17 17:20:00,0,2023-01-17 17:20:01,44437
M,CD20230117000930.00,,18,41.12,83.40,,M,,新疆阿克苏地区沙雅县,,0,3.1,0,0,0,0,0,CD20230117000930,2023-01-17 00:09:30,0,2023-01-17 00:17:42,0,2023-01-17 00:17:44,44436
M,CD20230116194500.00,,8,35.81,79.94,,M,,新疆和田地区和田县,,0,3.4,0,0,0,0,0,CD20230116194500,2023-01-16 19:45:00,0,2023-01-16 19:51:55,0,2023-01-16 19:51:55,44435
M,CD20230116192941.00,,8,35.79,79.97,,M,,新疆和田地区和田县,,0,3.9,0,0,0,0,0,CD20230116192941,2023-01-16 19:29:41,0,2023-01-16 19:37:52,0,2023-01-16 19:37:53,44434
M,CC20230116124953.00,,400,29.00,139.55,,M,,日本小笠原群岛地区,,0,5.8,0,0,0,0,0,CC20230116124953,2023-01-16 12:49:52,0,2023-01-16 13:16:35,0,2023-01-16 13:16:35,44433
M,CC20230116062959.00,,30,1.90,97.90,,M,,印尼苏门答腊岛北部海域,,0,6.0,0,0,0,0,0,CC20230116062959,2023-01-16 06:29:59,0,2023-01-16 06:52:15,0,2023-01-16 06:52:17,44432
M,CD20230116054626.00,,10,28.11,104.95,,M,,四川宜宾市珙县,,0,3.0,0,0,0,0,0,CD20230116054626,2023-01-16 05:46:25,0,2023-01-16 05:56:13,0,2023-01-16 05:56:13,44431
M,CD20230115215517.00,,140,38.40,75.41,,M,,新疆克孜勒苏州阿克陶县,,0,3.8,0,0,0,0,0,CD20230115215517,2023-01-15 21:55:16,0,2023-01-15 22:03:54,0,2023-01-15 22:03:56,44430
M,CC20230115200421.00,,60,-14.85,166.95,,M,,瓦努阿图群岛,,0,5.5,0,0,0,0,0,CC20230115200421,2023-01-15 20:04:21,0,2023-01-15 20:29:02,0,2023-01-15 20:29:07,44429
M,CD20230114225033.00,,11,41.21,83.67,,M,,新疆阿克苏地区库车市,,0,3.0,0,0,0,0,0,CD20230114225033,2023-01-14 22:50:33,0,2023-01-14 22:59:28,0,2023-01-14 22:59:30,44428
M,CD20230114160228.00,,9,32.92,92.22,,M,,青海海西州唐古拉地区,,0,4.3,0,0,0,0,0,CD20230114160228,2023-01-14 16:02:28,0,2023-01-14 16:11:55,0,2023-01-14 16:11:57,44427
M,CD20230114150336.00,,0,38.94,109.68,,M,,陕西榆林市神木市(塌陷),,0,3.0,0,0,0,0,0,CD20230114150336,2023-01-14 15:03:36,0,2023-01-14 15:12:07,0,2023-01-14 15:12:08,44426
M,CD20230114132539.00,,9,41.82,88.05,,M,,新疆巴音郭楞州和硕县,,0,3.0,0,0,0,0,0,CD20230114132539,2023-01-14 13:25:38,0,2023-01-14 13:34:01,0,2023-01-14 13:34:05,44425
M,CD20230112175835.00,,10,31.71,83.10,,M,,西藏阿里地区改则县,,0,3.4,0,0,0,0,0,CD20230112175835,2023-01-12 17:58:34,0,2023-01-12 18:06:55,0,2023-01-12 18:07:00,44424
M,CC20230112141910.00,,40,-30.65,-71.40,,M,,智利,,0,5.4,0,0,0,0,0,CC20230112141910,2023-01-12 14:19:09,0,2023-01-12 14:44:09,0,2023-01-12 14:44:09,44423
M,CD20230112141532.00,,10,27.11,102.89,,M,,四川凉山州宁南县,,0,3.0,0,0,0,0,0,CD20230112141532,2023-01-12 14:15:32,0,2023-01-12 14:21:03,0,2023-01-12 14:21:07,44422
M,CD20230112082457.00,,9,23.84,114.51,,M,,广东河源市东源县,,0,2.9,0,0,0,0,0,CD20230112082457,2023-01-12 08:24:57,0,2023-01-12 08:30:00,0,2023-01-12 08:30:00,44421
M,CC20230111163957.00,,10,-14.95,166.55,,M,,瓦努阿图群岛,,0,5.8,0,0,0,0,0,CC20230111163957,2023-01-11 16:39:57,0,2023-01-11 17:06:43,0,2023-01-11 17:06:43,44420
M,CD20230111151458.00,,8,35.64,103.96,,M,,甘肃定西市临洮县,,0,3.0,0,0,0,0,0,CD20230111151458,2023-01-11 15:14:58,0,2023-01-11 15:22:26,0,2023-01-11 15:22:26,44419
M,CD20230111113421.00,,21,48.32,130.42,,M,,黑龙江伊春市嘉荫县,,0,3.0,0,0,0,0,0,CD20230111113421,2023-01-11 11:34:20,0,2023-01-11 11:43:08,0,2023-01-11 11:43:09,44418
M,CD20230111042511.00,,14,32.11,104.97,,M,,四川绵阳市江油市,,0,3.4,0,0,0,0,0,CD20230111042511,2023-01-11 04:25:11,0,2023-01-11 04:32:06,0,2023-01-11 04:32:07,44417
M,CC20230110132454.00,,120,-14.95,166.80,,M,,瓦努阿图群岛,,0,5.8,0,0,0,0,0,CC20230110132454,2023-01-10 13:24:54,0,2023-01-10 13:53:30,0,2023-01-10 13:53:35,44416
M,CC20230110014734.00,,100,-7.20,130.10,,M,,印尼班达海,,0,7.6,0,0,0,0,0,CC20230110014734,2023-01-10 01:47:33,0,2023-01-10 02:12:11,0,2023-01-10 02:12:13,44415
M,CD20230109205133.00,,10,24.26,98.64,,M,,云南德宏州芒市,,0,3.4,0,0,0,0,0,CD20230109205133,2023-01-09 20:51:33,0,2023-01-09 21:00:09,0,2023-01-09 21:00:09,44414
M,CC20230108234849.00,,10,37.79,112.52,,M,,山西太原市晋源区,,0,3.1,0,0,0,0,0,CC20230108234849,2023-01-08 23:48:49,0,2023-01-08 23:56:07,0,2023-01-08 23:56:07,44413
M,CC20230108203240.00,,20,-14.95,166.80,,M,,瓦努阿图群岛,,0,7.0,0,0,0,0,0,CC20230108203240,2023-01-08 20:32:39,0,2023-01-08 20:59:05,0,2023-01-08 20:59:05,44412
M,CD20230107192128.00,,14,23.54,121.33,,M,,台湾花莲县,,0,4.0,0,0,0,0,0,CD20230107192128,2023-01-07 19:21:27,0,2023-01-07 19:30:32,0,2023-01-07 19:30:33,44411
M,CC20230106195238.00,,500,-24.55,179.95,,M,,斐济群岛以南海域,,0,5.9,0,0,0,0,0,CC20230106195238,2023-01-06 19:52:37,0,2023-01-06 20:21:57,0,2023-01-06 20:22:01,44410
M,CD20230106083534.00,,10,34.72,98.01,,M,,青海果洛州玛多县,,0,3.1,0,0,0,0,0,CD20230106083534,2023-01-06 08:35:33,0,2023-01-06 08:43:38,0,2023-01-06 08:43:40,44409
M,CC20230105222551.00,,200,36.40,70.65,,M,,阿富汗,,0,6.0,0,0,0,0,0,CC20230105222551,2023-01-05 22:25:51,0,2023-01-05 22:47:49,0,2023-01-05 22:47:51,44408
M,CD20230105210332.00,,10,40.19,74.66,,M,,新疆克孜勒苏州乌恰县,,0,3.7,0,0,0,0,0,CD20230105210332,2023-01-05 21:03:31,0,2023-01-05 21:11:46,0,2023-01-05 21:11:48,44407
M,CC20230105122738.00,,10,37.91,101.13,,M,,青海海北州祁连县,,0,4.2,0,0,0,0,0,CC20230105122738,2023-01-05 12:27:38,0,2023-01-05 12:37:14,0,2023-01-05 12:37:14,44406
M,CD20230104130203.00,,10,33.23,86.78,,M,,西藏那曲市尼玛县,,0,3.8,0,0,0,0,0,CD20230104130203,2023-01-04 13:02:02,0,2023-01-04 13:13:26,0,2023-01-04 13:13:28,44405
M,CD20230104115013.00,,9,32.06,95.42,,M,,西藏昌都市丁青县,,0,3.2,0,0,0,0,0,CD20230104115013,2023-01-04 11:50:13,0,2023-01-04 12:01:08,0,2023-01-04 12:01:09,44404
M,CD20230104054737.00,,13,41.22,84.00,,M,,新疆阿克苏地区库车市,,0,3.2,0,0,0,0,0,CD20230104054737,2023-01-04 05:47:37,0,2023-01-04 05:56:33,0,2023-01-04 05:56:36,44403
M,CC20230103022245.00,,100,45.75,151.10,,M,,千岛群岛,,0,5.4,0,0,0,0,0,CC20230103022245,2023-01-03 02:22:44,0,2023-01-03 02:53:15,0,2023-01-03 02:53:16,44402
M,CD20230103014931.00,,10,41.24,84.04,,M,,新疆巴音郭楞州轮台县,,0,3.2,0,0,0,0,0,CD20230103014931,2023-01-03 01:49:31,0,2023-01-03 01:56:26,0,2023-01-03 01:56:28,44401
M,CD20230102161429.00,,107,36.13,78.41,,M,,新疆和田地区皮山县,,0,3.3,0,0,0,0,0,CD20230102161429,2023-01-02 16:14:28,0,2023-01-02 16:20:51,0,2023-01-02 16:20:55,44400
M,CC20230102023507.00,,30,40.42,-123.95,,M,,美国加利福尼亚州,,0,5.2,0,0,0,0,0,CC20230102023507,2023-01-02 02:35:07,0,2023-01-02 02:59:19,0,2023-01-02 02:59:19,44399
M,CC20230102022429.00,,20,-2.70,140.80,,M,,印尼巴布亚省,,0,5.1,0,0,0,0,0,CC20230102022429,2023-01-02 02:24:29,0,2023-01-02 02:48:13,0,2023-01-02 02:48:17,44398
M,CD20230101210259.00,,101,36.77,77.08,,M,,新疆喀什地区叶城县,,0,4.2,0,0,0,0,0,CD20230101210259,2023-01-01 21:02:58,0,2023-01-01 21:10:55,0,2023-01-01 21:10:56,44397
M,CD20230101172008.00,,37,38.87,75.86,,M,,新疆克孜勒苏州阿克陶县,,0,3.0,0,0,0,0,0,CD20230101172008,2023-01-01 17:20:07,0,2023-01-01 17:27:51,0,2023-01-01 17:27:54,44396
M,CD20221231173435.00,,8,24.28,98.62,,M,,云南德宏州芒市,,0,3.0,0,0,0,0,0,CD20221231173435,2022-12-31 17:34:34,0,2022-12-31 17:40:49,0,2022-12-31 17:40:49,44395
M,CD20221231171559.00,,10,33.18,97.13,,M,,青海玉树州称多县(有感),,0,2.4,0,0,0,0,0,CD20221231171559,2022-12-31 17:15:59,0,2022-12-31 17:25:45,0,2022-12-31 17:25:48,44394
M,CC20221230072648.00,,10,-0.15,97.45,,M,,印尼苏门答腊岛北部,,0,5.2,0,0,0,0,0,CC20221230072648,2022-12-30 07:26:47,0,2022-12-30 07:51:37,0,2022-12-30 07:51:44,44393
M,CC20221229211337.00,,120,6.10,126.25,,M,,菲律宾棉兰老岛,,0,5.2,0,0,0,0,0,CC20221229211337,2022-12-29 21:13:36,0,2022-12-29 21:34:33,0,2022-12-29 21:34:36,44392
M,CC20221229011636.00,,10,41.88,79.56,,M,,吉尔吉斯斯坦,,0,5.4,0,0,0,0,0,CC20221229011636,2022-12-29 01:16:36,0,2022-12-29 01:29:46,0,2022-12-29 01:29:46,44391
M,CC20221229003420.00,,10,-21.30,171.45,,M,,洛亚蒂群岛东南,,0,6.0,0,0,0,0,0,CC20221229003420,2022-12-29 00:34:20,0,2022-12-29 01:03:44,0,2022-12-29 01:03:44,44390
M,CD20221228211922.00,,100,40.16,83.12,,M,,新疆阿克苏地区沙雅县,,0,3.6,0,0,0,0,0,CD20221228211922,2022-12-28 21:19:22,0,2022-12-28 21:31:40,0,2022-12-28 21:31:42,44389
M,CD20221228164512.00,,35,38.88,75.89,,M,,新疆克孜勒苏州阿克陶县,,0,3.0,0,0,0,0,0,CD20221228164512,2022-12-28 16:45:12,0,2022-12-28 16:53:06,0,2022-12-28 16:53:09,44388
M,CD20221227202823.00,,111,37.32,76.27,,M,,新疆喀什地区叶城县,,0,3.0,0,0,0,0,0,CD20221227202823,2022-12-27 20:28:22,0,2022-12-27 20:36:18,0,2022-12-27 20:36:20,44387
M,CD20221227113010.00,,10,37.74,101.30,,M,,青海海北州门源县,,0,4.1,0,0,0,0,0,CD20221227113010,2022-12-27 11:30:10,0,2022-12-27 11:37:01,0,2022-12-27 11:37:01,44386
M,CD20221227065621.00,,10,23.84,122.54,,M,,台湾花莲县海域,,0,4.0,0,0,0,0,0,CD20221227065621,2022-12-27 06:56:20,0,2022-12-27 07:05:28,0,2022-12-27 07:05:29,44385
M,CC20221226202110.00,,10,14.50,40.10,,M,,埃塞俄比亚,,0,5.2,0,0,0,0,0,CC20221226202110,2022-12-26 20:21:09,0,2022-12-26 20:54:24,0,2022-12-26 20:54:27,44384
M,CD20221226163401.00,,10,23.18,103.50,,M,,云南红河州蒙自市,,0,3.2,0,0,0,0,0,CD20221226163401,2022-12-26 16:34:00,0,2022-12-26 16:41:52,0,2022-12-26 16:41:52,44383
M,CC20221226132753.00,,520,-19.45,-177.50,,M,,斐济群岛,,0,5.7,0,0,0,0,0,CC20221226132753,2022-12-26 13:27:53,0,2022-12-26 13:57:33,0,2022-12-26 13:57:36,44382
M,CD20221226091825.00,,15,44.82,120.32,,M,,内蒙古通辽市扎鲁特旗,,0,3.4,0,0,0,0,0,CD20221226091825,2022-12-26 09:18:24,0,2022-12-26 09:25:59,0,2022-12-26 09:26:02,44381
M,CD20221226001731.00,,15,39.25,73.65,,M,,新疆克孜勒苏州阿克陶县,,0,3.1,0,0,0,0,0,CD20221226001731,2022-12-26 00:17:30,0,2022-12-26 00:24:26,0,2022-12-26 00:24:28,44380
M,CD20221225202830.00,,14,32.72,120.21,,M,,江苏盐城市东台市,,0,3.0,0,0,0,0,0,CD20221225202830,2022-12-25 20:28:29,0,2022-12-25 20:34:52,0,2022-12-25 20:34:55,44379
M,CD20221225123628.00,,10,44.19,124.13,,M,,吉林松原市长岭县,,0,3.3,0,0,0,0,0,CD20221225123628,2022-12-25 12:36:27,0,2022-12-25 12:43:19,0,2022-12-25 12:43:20,44378
M,CD20221225093330.00,,11,39.53,74.85,,M,,新疆克孜勒苏州乌恰县,,0,3.6,0,0,0,0,0,CD20221225093330,2022-12-25 09:33:29,0,2022-12-25 09:41:00,0,2022-12-25 09:41:03,44377
M,CD20221225021557.00,,16,26.85,100.80,,M,,云南丽江市宁蒗县,,0,3.1,0,0,0,0,0,CD20221225021557,2022-12-25 02:15:57,0,2022-12-25 02:23:13,0,2022-12-25 02:23:14,44376
M,CD20221224233220.00,,8,24.27,98.64,,M,,云南德宏州芒市,,0,2.9,0,0,0,0,0,CD20221224233220,2022-12-24 23:32:20,0,2022-12-24 23:38:11,0,2022-12-24 23:38:12,44375
M,CC20221224163542.00,,550,28.40,138.85,,M,,日本小笠原群岛地区,,0,5.4,0,0,0,0,0,CC20221224163542,2022-12-24 16:35:41,0,2022-12-24 16:52:07,0,2022-12-24 16:52:10,44374
M,CD20221224051758.00,,11,23.08,121.36,,M,,台湾台东县海域,,0,4.7,0,0,0,0,0,CD20221224051758,2022-12-24 05:17:57,0,2022-12-24 05:32:35,0,2022-12-24 05:32:35,44373
M,CD20221223220334.00,,18,42.53,87.90,,M,,新疆巴音郭楞州和硕县,,0,3.0,0,0,0,0,0,CD20221223220334,2022-12-23 22:03:33,0,2022-12-23 22:12:01,0,2022-12-23 22:12:03,44372
M,CD20221223044112.00,,22,43.36,82.36,,M,,新疆伊犁州巩留县,,0,3.4,0,0,0,0,0,CD20221223044112,2022-12-23 04:41:11,0,2022-12-23 04:49:28,0,2022-12-23 04:49:30,44371
M,CC20221222211354.00,,140,-7.90,-74.30,,M,,秘鲁,,0,5.3,0,0,0,0,0,CC20221222211354,2022-12-22 21:13:53,0,2022-12-22 21:36:49,0,2022-12-22 21:36:56,44370
M,CD20221222123632.00,,7,22.48,121.16,,M,,台湾台东县海域,,0,4.6,0,0,0,0,0,CD20221222123632,2022-12-22 12:36:31,0,2022-12-22 12:46:02,0,2022-12-22 12:46:02,44369
M,CC20221222104703.00,,9,35.56,99.14,,M,,青海果洛州玛多县,,0,5.0,0,0,0,0,0,CC20221222104703,2022-12-22 10:47:02,0,2022-12-22 10:57:29,0,2022-12-22 10:57:30,44368
M,CC20221221010312.00,,8,23.86,114.50,,M,,广东河源市东源县,,0,3.6,0,0,0,0,0,CC20221221010312,2022-12-21 01:03:12,0,2022-12-21 01:08:54,0,2022-12-21 01:08:54,44367
M,CC20221220183427.00,,10,40.60,-124.40,,M,,美国加利福尼亚州沿岸近海,,0,6.3,0,0,0,0,0,CC20221220183427,2022-12-20 18:34:26,0,2022-12-20 18:58:22,0,2022-12-20 18:58:22,44366
M,CD20221220175437.00,,20,36.85,78.59,,M,,新疆和田地区皮山县,,0,3.7,0,0,0,0,0,CD20221220175437,2022-12-20 17:54:37,0,2022-12-20 18:02:47,0,2022-12-20 18:02:50,44365
M,CD20221220101202.00,,10,31.84,94.43,,M,,西藏那曲市巴青县,,0,3.2,0,0,0,0,0,CD20221220101202,2022-12-20 10:12:02,0,2022-12-20 10:18:14,0,2022-12-20 10:18:15,44364
M,CD20221219033756.00,,12,45.00,124.12,,M,,吉林松原市乾安县,,0,3.6,0,0,0,0,0,CD20221219033756,2022-12-19 03:37:55,0,2022-12-19 03:45:12,0,2022-12-19 03:45:12,44363
M,CD20221219010828.00,,10,28.43,85.18,,M,,西藏日喀则市吉隆县,,0,3.1,0,0,0,0,0,CD20221219010828,2022-12-19 01:08:28,0,2022-12-19 01:16:54,0,2022-12-19 01:16:55,44362
M,CD20221219000744.00,,10,33.43,84.52,,M,,西藏阿里地区改则县,,0,3.1,0,0,0,0,0,CD20221219000744,2022-12-19 00:07:43,0,2022-12-19 00:13:36,0,2022-12-19 00:13:37,44361
M,CD20221218215413.00,,139,38.37,75.49,,M,,新疆克孜勒苏州阿克陶县,,0,3.3,0,0,0,0,0,CD20221218215413,2022-12-18 21:54:12,0,2022-12-18 22:02:04,0,2022-12-18 22:02:04,44360
M,CD20221218212909.00,,10,34.57,82.66,,M,,西藏阿里地区改则县,,0,3.2,0,0,0,0,0,CD20221218212909,2022-12-18 21:29:09,0,2022-12-18 21:34:59,0,2022-12-18 21:35:03,44359
M,CC20221218020605.00,,30,31.80,131.65,,M,,日本九州岛附近海域,,0,5.5,0,0,0,0,0,CC20221218020605,2022-12-18 02:06:04,0,2022-12-18 02:28:10,0,2022-12-18 02:28:13,44358
M,CC20221217222410.00,,20,37.64,77.78,,M,,新疆和田地区皮山县,,0,4.2,0,0,0,0,0,CC20221217222410,2022-12-17 22:24:10,0,2022-12-17 22:33:53,0,2022-12-17 22:33:53,44357
M,CD20221217175003.00,,8,28.21,104.73,,M,,四川宜宾市珙县,,0,3.0,0,0,0,0,0,CD20221217175003,2022-12-17 17:50:02,0,2022-12-17 17:56:06,0,2022-12-17 17:56:06,44356
M,CC20221217073528.00,,10,32.15,-102.00,,M,,美国得克萨斯州,,0,5.5,0,0,0,0,0,CC20221217073528,2022-12-17 07:35:28,0,2022-12-17 07:53:47,0,2022-12-17 07:53:50,44355
M,CD20221216160824.00,,21,40.14,83.11,,M,,新疆阿克苏地区沙雅县,,0,3.8,0,0,0,0,0,CD20221216160824,2022-12-16 16:08:23,0,2022-12-16 16:16:29,0,2022-12-16 16:16:31,44354
M,CC20221215223224.00,,70,12.75,-88.60,,M,,萨尔瓦多附近海域,,0,5.7,0,0,0,0,0,CC20221215223224,2022-12-15 22:32:24,0,2022-12-15 22:56:36,0,2022-12-15 22:56:42,44353
M,CC20221215120318.00,,10,23.73,121.79,,M,,台湾花莲县海域,,0,5.9,0,0,0,0,0,CC20221215120318,2022-12-15 12:03:17,0,2022-12-15 12:17:04,0,2022-12-15 12:17:04,44352
M,CC20221215071824.00,,8,29.30,105.49,,M,,重庆荣昌区,,0,4.0,0,0,0,0,0,CC20221215071824,2022-12-15 07:18:23,0,2022-12-15 07:28:31,0,2022-12-15 07:28:32,44351
M,CC20221215024028.00,,80,51.65,178.75,,M,,拉特群岛,,0,6.3,0,0,0,0,0,CC20221215024028,2022-12-15 02:40:28,0,2022-12-15 03:03:44,0,2022-12-15 03:03:44,44350
M,CD20221215003205.00,,20,44.83,81.08,,M,,新疆博尔塔拉州温泉县,,0,3.7,0,0,0,0,0,CD20221215003205,2022-12-15 00:32:04,0,2022-12-15 00:40:11,0,2022-12-15 00:40:13,44349
M,CC20221213222517.00,,10,27.45,129.60,,M,,琉球群岛,,0,5.7,0,0,0,0,0,CC20221213222517,2022-12-13 22:25:17,0,2022-12-13 22:40:34,0,2022-12-13 22:40:40,44348
M,CD20221213130927.00,,17,32.35,105.23,,M,,四川广元市青川县,,0,3.4,0,0,0,0,0,CD20221213130927,2022-12-13 13:09:27,0,2022-12-13 13:16:02,0,2022-12-13 13:16:02,44347
M,CD20221213080403.00,,15,43.54,89.38,,M,,新疆昌吉州奇台县,,0,4.7,0,0,0,0,0,CD20221213080403,2022-12-13 08:04:02,0,2022-12-13 08:11:45,0,2022-12-13 08:11:45,44346
M,CD20221212224137.00,,10,30.78,96.22,,M,,西藏昌都市洛隆县,,0,3.4,0,0,0,0,0,CD20221212224137,2022-12-12 22:41:36,0,2022-12-12 22:46:26,0,2022-12-12 22:46:28,44345
M,CD20221212203856.00,,10,34.41,93.55,,M,,青海玉树州治多县,,0,3.9,0,0,0,0,0,CD20221212203856,2022-12-12 20:38:55,0,2022-12-12 20:48:22,0,2022-12-12 20:48:25,44344
M,CD20221212192628.00,,10,34.38,93.48,,M,,青海玉树州治多县,,0,3.6,0,0,0,0,0,CD20221212192628,2022-12-12 19:26:28,0,2022-12-12 19:34:18,0,2022-12-12 19:34:21,44343
M,CC20221212015103.00,,10,40.57,111.14,,M,,内蒙古呼和浩特市土默特左旗,,0,4.1,0,0,0,0,0,CC20221212015103,2022-12-12 01:51:03,0,2022-12-12 01:58:16,0,2022-12-12 01:58:16,44342
M,CC20221211223135.00,,20,17.60,-100.25,,M,,墨西哥,,0,5.9,0,0,0,0,0,CC20221211223135,2022-12-11 22:31:34,0,2022-12-11 22:56:29,0,2022-12-11 22:56:29,44341
M,CD20221211173656.00,,23,43.60,87.89,,M,,新疆乌鲁木齐市达坂城区(有感),,0,2.5,0,0,0,0,0,CD20221211173656,2022-12-11 17:36:56,0,2022-12-11 17:45:56,0,2022-12-11 17:45:58,44340
M,CD20221211161754.00,,32,40.36,76.31,,M,,新疆克孜勒苏州阿图什市,,0,3.9,0,0,0,0,0,CD20221211161754,2022-12-11 16:17:54,0,2022-12-11 16:27:54,0,2022-12-11 16:27:54,44339
M,CD20221210233130.00,,19,40.27,83.62,,M,,新疆阿克苏地区沙雅县,,0,3.6,0,0,0,0,0,CD20221210233130,2022-12-10 23:31:29,0,2022-12-10 23:40:51,0,2022-12-10 23:40:53,44338
M,CD20221210214738.00,,10,37.76,101.26,,M,,青海海北州门源县,,0,4.2,0,0,0,0,0,CD20221210214738,2022-12-10 21:47:38,0,2022-12-10 21:54:04,0,2022-12-10 21:54:04,44337
M,CD20221210180519.00,,10,40.87,78.09,,M,,新疆克孜勒苏州阿合奇县,,0,3.4,0,0,0,0,0,CD20221210180519,2022-12-10 18:05:18,0,2022-12-10 18:13:01,0,2022-12-10 18:13:03,44336
M,CD20221210150918.00,,10,29.64,101.98,,M,,四川甘孜州泸定县,,0,3.0,0,0,0,0,0,CD20221210150918,2022-12-10 15:09:17,0,2022-12-10 15:15:00,0,2022-12-10 15:15:00,44335
M,CC20221210144129.00,,110,-23.10,-68.30,,M,,智利北部,,0,5.4,0,0,0,0,0,CC20221210144129,2022-12-10 14:41:29,0,2022-12-10 15:13:38,0,2022-12-10 15:13:43,44334
M,CC20221210040156.00,,70,6.40,126.30,,M,,棉兰老岛附近海域,,0,5.6,0,0,0,0,0,CC20221210040156,2022-12-10 04:01:56,0,2022-12-10 04:28:33,0,2022-12-10 04:28:37,44333
M,CC20221209143301.00,,10,13.25,126.00,,M,,菲律宾群岛地区,,0,5.5,0,0,0,0,0,CC20221209143301,2022-12-09 14:33:01,0,2022-12-09 14:54:28,0,2022-12-09 14:54:31,44332
M,CD20221209044722.00,,15,40.24,104.62,,M,,内蒙古阿拉善盟阿拉善左旗,,0,3.7,0,0,0,0,0,CD20221209044722,2022-12-09 04:47:21,0,2022-12-09 04:55:08,0,2022-12-09 04:55:12,44331
M,CC20221208144215.00,,50,42.35,47.00,,M,,俄罗斯,,0,5.4,0,0,0,0,0,CC20221208144215,2022-12-08 14:42:14,0,2022-12-08 15:07:00,0,2022-12-08 15:07:06,44330
M,CC20221208085056.00,,110,-7.20,107.05,,M,,印尼爪哇岛,,0,5.8,0,0,0,0,0,CC20221208085056,2022-12-08 08:50:55,0,2022-12-08 09:15:56,0,2022-12-08 09:15:59,44329
M,CC20221208005427.00,,30,23.77,121.71,,M,,台湾花莲县海域,,0,5.1,0,0,0,0,0,CC20221208005427,2022-12-08 00:54:27,0,2022-12-08 01:06:09,0,2022-12-08 01:06:09,44328
M,CC20221206140748.00,,10,-10.75,113.45,,M,,印尼爪哇岛以南海域,,0,5.9,0,0,0,0,0,CC20221206140748,2022-12-06 14:07:48,0,2022-12-06 14:33:21,0,2022-12-06 14:33:23,44327
M,CC20221205222122.00,,100,-15.15,-174.25,,M,,汤加群岛,,0,5.5,0,0,0,0,0,CC20221205222122,2022-12-05 22:21:21,0,2022-12-05 22:48:48,0,2022-12-05 22:48:50,44326
M,CC20221205133511.00,,100,-11.30,166.05,,M,,圣克鲁斯群岛,,0,5.8,0,0,0,0,0,CC20221205133511,2022-12-05 13:35:10,0,2022-12-05 13:54:14,0,2022-12-05 13:54:17,44325
M,CC20221205032413.00,,40,-15.45,-173.00,,M,,汤加群岛,,0,6.7,0,0,0,0,0,CC20221205032413,2022-12-05 03:24:13,0,2022-12-05 03:50:57,0,2022-12-05 03:50:57,44324
M,CD20221204183029.00,,10,41.30,83.84,,M,,新疆阿克苏地区库车市,,0,3.0,0,0,0,0,0,CD20221204183029,2022-12-04 18:30:28,0,2022-12-04 18:39:25,0,2022-12-04 18:39:26,44323
M,CC20221204175314.00,,20,-1.00,10.20,,M,,加蓬,,0,5.6,0,0,0,0,0,CC20221204175314,2022-12-04 17:53:13,0,2022-12-04 18:15:52,0,2022-12-04 18:15:54,44322
M,CD20221204145422.00,,13,39.88,118.87,,M,,河北秦皇岛市卢龙县,,0,2.3,0,0,0,0,0,CD20221204145422,2022-12-04 14:54:21,0,2022-12-04 14:58:49,0,2022-12-04 14:58:51,44321
M,CD20221204061331.00,,14,39.88,118.87,,M,,河北秦皇岛市卢龙县,,0,2.2,0,0,0,0,0,CD20221204061331,2022-12-04 06:13:30,0,2022-12-04 06:17:16,0,2022-12-04 06:17:17,44320
M,CD20221204052005.00,,10,39.88,118.87,,M,,河北秦皇岛市卢龙县,,0,3.8,0,0,0,0,0,CD20221204052005,2022-12-04 05:20:05,0,2022-12-04 05:24:59,0,2022-12-04 05:24:59,44319
M,CD20221203193359.00,,10,41.28,83.65,,M,,新疆阿克苏地区库车市,,0,3.3,0,0,0,0,0,CD20221203193359,2022-12-03 19:33:58,0,2022-12-03 19:41:10,0,2022-12-03 19:41:12,44318
M,CC20221203174942.00,,110,-7.55,107.55,,M,,印尼爪哇岛,,0,5.9,0,0,0,0,0,CC20221203174942,2022-12-03 17:49:41,0,2022-12-03 18:14:23,0,2022-12-03 18:14:23,44317
M,CD20221203142401.00,,10,34.27,85.31,,M,,西藏阿里地区改则县,,0,4.7,0,0,0,0,0,CD20221203142401,2022-12-03 14:24:01,0,2022-12-03 14:34:20,0,2022-12-03 14:34:21,44316
M,CC20221201125747.00,,8,31.35,117.45,,M,,安徽合肥市庐江县,,0,3.0,0,0,0,0,0,CC20221201125747,2022-12-01 12:57:47,0,2022-12-01 13:04:33,0,2022-12-01 13:04:33,44315
M,CC20221130231743.00,,10,26.80,55.05,,M,,伊朗,,0,5.6,0,0,0,0,0,CC20221130231743,2022-11-30 23:17:42,0,2022-11-30 23:34:42,0,2022-11-30 23:34:47,44314
M,CD20221130123454.00,,22,37.65,77.79,,M,,新疆和田地区皮山县,,0,3.0,0,0,0,0,0,CD20221130123454,2022-11-30 12:34:53,0,2022-11-30 12:42:09,0,2022-11-30 12:42:11,44313
M,CC20221130085556.00,,10,56.05,-116.60,,M,,加拿大,,0,5.3,0,0,0,0,0,CC20221130085556,2022-11-30 08:55:55,0,2022-11-30 09:16:18,0,2022-11-30 09:16:22,44312
M,CC20221130075039.00,,10,53.95,-35.15,,M,,雷克雅内斯海岭,,0,5.6,0,0,0,0,0,CC20221130075039,2022-11-30 07:50:39,0,2022-11-30 08:14:12,0,2022-11-30 08:14:17,44311
M,CD20221130044060.00,,10,37.65,77.81,,M,,新疆和田地区皮山县,,0,3.0,0,0,0,0,0,CD20221130044060,2022-11-30 04:40:59,0,2022-11-30 04:48:39,0,2022-11-30 04:48:41,44310
M,CD20221129192626.00,,10,32.48,97.64,,M,,西藏昌都市江达县,,0,3.6,0,0,0,0,0,CD20221129192626,2022-11-29 19:26:25,0,2022-11-29 19:34:36,0,2022-11-29 19:34:38,44309
M,CD20221129182533.00,,13,38.71,113.84,,M,,河北石家庄市灵寿县,,0,2.8,0,0,0,0,0,CD20221129182533,2022-11-29 18:25:32,0,2022-11-29 18:32:17,0,2022-11-29 18:32:20,44308
M,CD20221129143104.00,,10,40.41,77.09,,M,,新疆克孜勒苏州阿图什市,,0,4.6,0,0,0,0,0,CD20221129143104,2022-11-29 14:31:03,0,2022-11-29 14:39:30,0,2022-11-29 14:39:30,44307
M,CC20221128173024.00,,20,-21.10,-173.95,,M,,汤加群岛,,0,5.4,0,0,0,0,0,CC20221128173024,2022-11-28 17:30:23,0,2022-11-28 17:56:40,0,2022-11-28 17:56:43,44306
M,CC20221128105124.00,,10,37.00,-32.40,,M,,中大西洋海岭北部,,0,5.8,0,0,0,0,0,CC20221128105124,2022-11-28 10:51:24,0,2022-11-28 11:14:38,0,2022-11-28 11:14:38,44305
M,CD20221128035842.00,,13,39.72,74.32,,M,,新疆克孜勒苏州乌恰县,,0,4.7,0,0,0,0,0,CD20221128035842,2022-11-28 03:58:42,0,2022-11-28 04:09:21,0,2022-11-28 04:09:21,44304
M,CD20221127101535.00,,0,38.95,110.33,,M,,陕西榆林市神木市(塌陷),,0,3.0,0,0,0,0,0,CD20221127101535,2022-11-27 10:15:35,0,2022-11-27 10:26:31,0,2022-11-27 10:26:34,44303
M,CD20221127013803.00,,30,23.83,121.71,,M,,台湾花莲县海域,,0,4.7,0,0,0,0,0,CD20221127013803,2022-11-27 01:38:03,0,2022-11-27 01:50:44,0,2022-11-27 01:50:44,44302
M,CD20221126154830.00,,10,28.76,96.74,,M,,西藏林芝市察隅县,,0,3.0,0,0,0,0,0,CD20221126154830,2022-11-26 15:48:29,0,2022-11-26 15:59:11,0,2022-11-26 15:59:13,44301
M,CC20221126140536.00,,20,18.70,146.80,,M,,马里亚纳群岛,,0,5.5,0,0,0,0,0,CC20221126140536,2022-11-26 14:05:35,0,2022-11-26 14:26:52,0,2022-11-26 14:26:54,44300
M,CC20221125214654.00,,20,-9.85,159.90,,M,,所罗门群岛,,0,5.6,0,0,0,0,0,CC20221125214654,2022-11-25 21:46:53,0,2022-11-25 22:10:03,0,2022-11-25 22:10:05,44299
M,CC20221123090816.00,,10,40.85,31.00,,M,,土耳其,,0,6.1,0,0,0,0,0,CC20221123090816,2022-11-23 09:08:15,0,2022-11-23 09:24:00,0,2022-11-23 09:24:00,44298
M,CC20221123003909.00,,10,30.60,-116.40,,M,,墨西哥下加利福尼亚沿岸近海,,0,6.3,0,0,0,0,0,CC20221123003909,2022-11-23 00:39:08,0,2022-11-23 01:03:13,0,2022-11-23 01:03:14,44297
M,CC20221123002445.00,,90,-5.65,131.05,,M,,印尼班达海,,0,5.3,0,0,0,0,0,CC20221123002445,2022-11-23 00:24:45,0,2022-11-23 00:46:40,0,2022-11-23 00:46:42,44296
M,CD20221122123551.00,,80,36.28,77.88,,M,,新疆和田地区皮山县,,0,4.2,0,0,0,0,0,CD20221122123551,2022-11-22 12:35:50,0,2022-11-22 12:44:23,0,2022-11-22 12:44:23,44295
M,CC20221122103800.00,,10,-9.85,159.60,,M,,所罗门群岛,,0,6.1,0,0,0,0,0,CC20221122103800,2022-11-22 10:38:00,0,2022-11-22 10:59:04,0,2022-11-22 10:59:06,44294
M,CC20221122100307.00,,10,-9.70,159.50,,M,,所罗门群岛,,0,7.0,0,0,0,0,0,CC20221122100307,2022-11-22 10:03:07,0,2022-11-22 10:25:47,0,2022-11-22 10:25:47,44293
M,CD20221121231738.00,,17,39.81,117.42,,M,,天津蓟州区,,0,2.6,0,0,0,0,0,CD20221121231738,2022-11-21 23:17:37,0,2022-11-21 23:23:41,0,2022-11-21 23:23:44,44291
M,CC20221121230930.00,,10,52.40,-168.25,,M,,福克斯群岛,,0,5.4,0,0,0,0,0,CC20221121230930,2022-11-21 23:09:30,0,2022-11-21 23:33:15,0,2022-11-21 23:33:15,44292
M,CD20221121223241.00,,11,41.94,82.41,,M,,新疆阿克苏地区拜城县,,0,3.7,0,0,0,0,0,CD20221121223241,2022-11-21 22:32:41,0,2022-11-21 22:39:53,0,2022-11-21 22:39:55,44290
M,CD20221121192215.00,,10,23.42,102.27,,M,,云南红河州红河县,,0,3.6,0,0,0,0,0,CD20221121192215,2022-11-21 19:22:15,0,2022-11-21 19:30:50,0,2022-11-21 19:30:51,44289
M,CC20221121142112.00,,10,-7.00,107.00,,M,,印尼爪哇岛,,0,5.5,0,0,0,0,0,CC20221121142112,2022-11-21 14:21:11,0,2022-11-21 14:44:46,0,2022-11-21 14:44:49,44288
M,CD20221121080404.00,,20,37.67,77.87,,M,,新疆和田地区皮山县,,0,3.3,0,0,0,0,0,CD20221121080404,2022-11-21 08:04:04,0,2022-11-21 08:10:42,0,2022-11-21 08:10:44,44287
M,CC20221120094942.00,,51,24.63,122.02,,M,,台湾宜兰县海域,,0,4.5,0,0,0,0,0,CC20221120094942,2022-11-20 09:49:42,0,2022-11-20 10:00:54,0,2022-11-20 10:00:55,44286
M,CC20221119182850.00,,10,29.65,101.97,,M,,四川甘孜州泸定县,,0,3.9,0,0,0,0,0,CC20221119182850,2022-11-19 18:28:49,0,2022-11-19 18:39:37,0,2022-11-19 18:39:38,44285
M,CC20221119012735.00,,8,23.37,102.26,,M,,云南红河州红河县,,0,5.0,0,0,0,0,0,CC20221119012735,2022-11-19 01:27:34,0,2022-11-19 01:38:20,0,2022-11-19 01:38:20,44284
M,CC20221118213708.00,,15,-4.90,100.70,,M,,印尼苏门答腊岛南部海域,,0,6.8,0,0,0,0,0,CC20221118213708,2022-11-18 21:37:07,0,2022-11-18 22:02:32,0,2022-11-18 22:02:33,44283
M,CC20221118212356.00,,14,29.62,102.01,,M,,四川甘孜州泸定县,,0,4.3,0,0,0,0,0,CC20221118212356,2022-11-18 21:23:56,0,2022-11-18 21:30:14,0,2022-11-18 21:30:15,44282
M,CC20221118194418.00,,15,41.33,83.94,,M,,新疆阿克苏地区库车市,,0,4.3,0,0,0,0,0,CC20221118194418,2022-11-18 19:44:18,0,2022-11-18 19:51:27,0,2022-11-18 19:51:28,44281
M,CD20221118193013.00,,14,41.32,83.92,,M,,新疆阿克苏地区库车市,,0,3.6,0,0,0,0,0,CD20221118193013,2022-11-18 19:30:12,0,2022-11-18 19:37:38,0,2022-11-18 19:37:41,44280
M,CD20221118141316.00,,10,33.58,81.95,,M,,西藏阿里地区日土县,,0,3.3,0,0,0,0,0,CD20221118141316,2022-11-18 14:13:16,0,2022-11-18 14:22:04,0,2022-11-18 14:22:06,44279
M,CD20221118074516.00,,9,33.69,88.17,,M,,西藏那曲市双湖县,,0,3.8,0,0,0,0,0,CD20221118074516,2022-11-18 07:45:15,0,2022-11-18 07:55:15,0,2022-11-18 07:55:18,44278
M,CC20221117192134.00,,20,-22.40,170.25,,M,,洛亚蒂群岛,,0,5.3,0,0,0,0,0,CC20221117192134,2022-11-17 19:21:34,0,2022-11-17 19:47:26,0,2022-11-17 19:47:28,44277
M,CC20221117062656.00,,170,-11.65,166.55,,M,,圣克鲁斯群岛,,0,5.8,0,0,0,0,0,CC20221117062656,2022-11-17 06:26:56,0,2022-11-17 06:49:37,0,2022-11-17 06:49:40,44276
M,CC20221117053245.00,,10,31.60,-104.05,,M,,美国得克萨斯州,,0,5.3,0,0,0,0,0,CC20221117053245,2022-11-17 05:32:45,0,2022-11-17 05:58:48,0,2022-11-17 05:58:51,44275
M,CD20221116230742.00,,10,22.39,121.07,,M,,台湾台东县海域,,0,4.6,0,0,0,0,0,CD20221116230742,2022-11-16 23:07:42,0,2022-11-16 23:20:00,0,2022-11-16 23:20:01,44274
M,CC20221116140132.00,,10,-4.75,100.60,,M,,印尼苏门答腊岛南部海域,,0,5.6,0,0,0,0,0,CC20221116140132,2022-11-16 14:01:31,0,2022-11-16 14:20:40,0,2022-11-16 14:20:43,44273
M,CC20221116112817.00,,600,44.08,130.14,,M,,黑龙江牡丹江市穆棱市,,0,4.5,0,0,0,0,0,CC20221116112817,2022-11-16 11:28:16,0,2022-11-16 11:42:36,0,2022-11-16 11:42:38,44272
M,CC20221116104659.00,,16,26.46,102.04,,M,,四川凉山州会理市,,0,4.3,0,0,0,0,0,CC20221116104659,2022-11-16 10:46:59,0,2022-11-16 10:53:04,0,2022-11-16 10:53:04,44271
M,CC20221115195322.00,,10,22.41,121.11,,M,,台湾台东县海域,,0,4.5,0,0,0,0,0,CC20221115195322,2022-11-15 19:53:21,0,2022-11-15 20:06:17,0,2022-11-15 20:06:17,44270
M,CD20221115185344.00,,21,37.67,77.79,,M,,新疆和田地区皮山县,,0,3.3,0,0,0,0,0,CD20221115185344,2022-11-15 18:53:44,0,2022-11-15 19:01:28,0,2022-11-15 19:01:31,44269
M,CD20221115114352.00,,18,22.38,121.12,,M,,台湾台东县海域,,0,4.2,0,0,0,0,0,CD20221115114352,2022-11-15 11:43:52,0,2022-11-15 11:58:55,0,2022-11-15 11:58:57,44268
M,CD20221115042327.00,,10,39.61,91.29,,M,,新疆巴音郭楞州若羌县,,0,3.1,0,0,0,0,0,CD20221115042327,2022-11-15 04:23:27,0,2022-11-15 04:32:22,0,2022-11-15 04:32:24,44267
M,CC20221114160826.00,,350,33.80,137.40,,M,,日本本州南岸近海,,0,6.3,0,0,0,0,0,CC20221114160826,2022-11-14 16:08:25,0,2022-11-14 16:34:03,0,2022-11-14 16:34:05,44266
M,CC20221114130409.00,,610,-26.10,178.50,,M,,斐济群岛以南海域,,0,6.0,0,0,0,0,0,CC20221114130409,2022-11-14 13:04:08,0,2022-11-14 13:27:45,0,2022-11-14 13:27:46,44265
M,CD20221114122911.00,,9,33.09,91.91,,M,,青海海西州唐古拉地区,,0,3.8,0,0,0,0,0,CD20221114122911,2022-11-14 12:29:10,0,2022-11-14 12:38:27,0,2022-11-14 12:38:29,44264
M,CD20221114073538.00,,18,34.06,120.99,,M,,黄海海域,,0,3.8,0,0,0,0,0,CD20221114073538,2022-11-14 07:35:37,0,2022-11-14 07:45:37,0,2022-11-14 07:45:40,44263
M,CD20221114012818.00,,11,29.58,101.98,,M,,四川甘孜州泸定县,,0,2.8,0,0,0,0,0,CD20221114012818,2022-11-14 01:28:17,0,2022-11-14 01:40:50,0,2022-11-14 01:40:50,44262
M,CD20221113205215.00,,24,37.69,77.79,,M,,新疆和田地区皮山县,,0,3.2,0,0,0,0,0,CD20221113205215,2022-11-13 20:52:15,0,2022-11-13 21:00:16,0,2022-11-13 21:00:19,44261
M,CC20221113102360.00,,10,-37.50,-73.65,,M,,智利中部沿岸近海,,0,6.3,0,0,0,0,0,CC20221113102360,2022-11-13 10:24:58,0,2022-11-13 10:48:29,0,2022-11-13 10:48:29,44260
M,CC20221113094745.00,,10,22.44,121.10,,M,,台湾台东县海域,,0,5.0,0,0,0,0,0,CC20221113094745,2022-11-13 09:47:44,0,2022-11-13 09:59:57,0,2022-11-13 09:59:57,44259
M,CC20221112222704.00,,10,29.17,81.01,,M,,尼泊尔,,0,5.0,0,0,0,0,0,CC20221112222704,2022-11-12 22:27:03,0,2022-11-12 22:37:52,0,2022-11-12 22:37:55,44258
M,CC20221112150914.00,,600,-20.05,-178.25,,M,,斐济群岛地区,,0,6.9,0,0,0,0,0,CC20221112150914,2022-11-12 15:09:14,0,2022-11-12 15:28:20,0,2022-11-12 15:28:20,44257
M,CC20221112123947.00,,110,14.10,-90.85,,M,,危地马拉,,0,5.6,0,0,0,0,0,CC20221112123947,2022-11-12 12:39:46,0,2022-11-12 12:54:46,0,2022-11-12 12:54:49,44256
M,CC20221112071340.00,,10,26.93,102.92,,M,,云南昭通市巧家县,,0,4.2,0,0,0,0,0,CC20221112071340,2022-11-12 07:13:39,0,2022-11-12 07:23:37,0,2022-11-12 07:23:44,44255
M,CC20221111184846.00,,40,-19.25,-172.05,,M,,汤加群岛地区,,0,7.4,0,0,0,0,0,CC20221111184846,2022-11-11 18:48:46,0,2022-11-11 19:15:50,0,2022-11-11 19:15:50,44254
M,CD20221111160503.00,,15,42.86,84.96,,M,,新疆巴音郭楞州和静县,,0,3.2,0,0,0,0,0,CD20221111160503,2022-11-11 16:05:03,0,2022-11-11 16:12:17,0,2022-11-11 16:12:19,44253
M,CD20221110144411.00,,10,44.01,84.65,,M,,新疆塔城地区乌苏市,,0,3.0,0,0,0,0,0,CD20221110144411,2022-11-10 14:44:11,0,2022-11-10 14:50:43,0,2022-11-10 14:50:46,44252
M,CC20221110130106.00,,10,28.35,94.48,,M,,西藏林芝市墨脱县,,0,5.6,0,0,0,0,0,CC20221110130106,2022-11-10 13:01:06,0,2022-11-10 13:10:56,0,2022-11-10 13:10:56,44251
M,CD20221110082618.00,,10,23.76,114.63,,M,,广东河源市源城区(有感),,0,2.5,0,0,0,0,0,CD20221110082618,2022-11-10 08:26:18,0,2022-11-10 08:33:22,0,2022-11-10 08:33:25,44250
M,CD20221110024712.00,,21,43.70,87.27,,M,,新疆乌鲁木齐市乌鲁木齐县（有感）,,0,2.5,0,0,0,0,0,CD20221110024712,2022-11-10 02:47:11,0,2022-11-10 02:59:34,0,2022-11-10 02:59:36,44249
M,CD20221109184507.00,,19,37.60,77.90,,M,,新疆和田地区皮山县,,0,3.3,0,0,0,0,0,CD20221109184507,2022-11-09 18:45:07,0,2022-11-09 18:55:17,0,2022-11-09 18:55:17,44248
M,CC20221109181433.00,,620,-25.75,178.35,,M,,斐济群岛以南海域,,0,6.5,0,0,0,0,0,CC20221109181433,2022-11-09 18:14:32,0,2022-11-09 18:37:30,0,2022-11-09 18:37:30,44247
M,CC20221109175103.00,,650,-26.02,178.25,,M,,斐济群岛以南海域,,0,6.9,0,0,0,0,0,CC20221109175103,2022-11-09 17:51:02,0,2022-11-09 18:12:43,0,2022-11-09 18:12:43,44246
M,CC20221109173841.00,,610,-26.05,178.45,,M,,斐济群岛以南海域,,0,6.8,0,0,0,0,0,CC20221109173841,2022-11-09 17:38:40,0,2022-11-09 17:59:26,0,2022-11-09 17:59:26,44245
M,CC20221109154206.00,,10,22.80,121.33,,M,,台湾台东县海域,,0,4.6,0,0,0,0,0,CC20221109154206,2022-11-09 15:42:06,0,2022-11-09 15:54:07,0,2022-11-09 15:54:09,44244
M,CC20221109140728.00,,20,43.90,13.35,,M,,亚得里亚海,,0,5.6,0,0,0,0,0,CC20221109140728,2022-11-09 14:07:27,0,2022-11-09 14:31:46,0,2022-11-09 14:31:50,44243
M,CC20221109042722.00,,10,29.27,80.92,,M,,尼泊尔,,0,5.7,0,0,0,0,0,CC20221109042722,2022-11-09 04:27:21,0,2022-11-09 04:45:44,0,2022-11-09 04:45:44,44242
M,CC20221108223002.00,,180,15.45,120.85,,M,,菲律宾,,0,5.0,0,0,0,0,0,CC20221108223002,2022-11-08 22:30:02,0,2022-11-08 22:47:08,0,2022-11-08 22:47:12,44241
M,CC20221108165116.00,,80,-33.65,-70.90,,M,,智利,,0,5.2,0,0,0,0,0,CC20221108165116,2022-11-08 16:51:16,0,2022-11-08 17:14:04,0,2022-11-08 17:14:07,44240
M,CD20221108162822.00,,23,41.16,83.26,,M,,新疆阿克苏地区库车市,,0,3.1,0,0,0,0,0,CD20221108162822,2022-11-08 16:28:22,0,2022-11-08 16:35:30,0,2022-11-08 16:35:33,44239
M,CD20221106215450.00,,21,37.67,77.80,,M,,新疆和田地区皮山县,,0,3.0,0,0,0,0,0,CD20221106215450,2022-11-06 21:54:49,0,2022-11-06 22:00:56,0,2022-11-06 22:00:58,44238
M,CC20221106122326.00,,10,43.10,147.10,,M,,千岛群岛,,0,5.0,0,0,0,0,0,CC20221106122326,2022-11-06 12:23:26,0,2022-11-06 12:46:22,0,2022-11-06 12:46:25,44237
M,CC20221106080315.00,,240,2.45,124.80,,M,,苏拉威西海,,0,5.7,0,0,0,0,0,CC20221106080315,2022-11-06 08:03:14,0,2022-11-06 08:24:18,0,2022-11-06 08:24:20,44236
M,CD20221105160611.00,,9,25.35,101.42,,M,,云南楚雄州牟定县,,0,3.2,0,0,0,0,0,CD20221105160611,2022-11-05 16:06:11,0,2022-11-05 16:13:01,0,2022-11-05 16:13:01,44235
M,CD20221105123106.00,,10,41.27,83.69,,M,,新疆阿克苏地区库车市,,0,3.0,0,0,0,0,0,CD20221105123106,2022-11-05 12:31:06,0,2022-11-05 12:38:42,0,2022-11-05 12:38:44,44234
M,CD20221105055115.00,,23,37.66,77.78,,M,,新疆和田地区皮山县,,0,3.2,0,0,0,0,0,CD20221105055115,2022-11-05 05:51:15,0,2022-11-05 05:59:36,0,2022-11-05 05:59:40,44233
M,CC20221104180248.00,,10,28.10,-112.20,,M,,加利福尼亚湾,,0,6.2,0,0,0,0,0,CC20221104180248,2022-11-04 18:02:47,0,2022-11-04 18:30:17,0,2022-11-04 18:30:20,44232
M,CC20221104122612.00,,60,13.15,-89.45,,M,,萨尔瓦多附近海域,,0,5.6,0,0,0,0,0,CC20221104122612,2022-11-04 12:26:12,0,2022-11-04 12:53:26,0,2022-11-04 12:53:31,44231
M,CC20221102221752.00,,10,-61.00,-25.70,,M,,南桑威奇群岛,,0,5.7,0,0,0,0,0,CC20221102221752,2022-11-02 22:17:51,0,2022-11-02 22:41:22,0,2022-11-02 22:41:24,44230
M,CD20221102171325.00,,10,41.68,92.70,,M,,新疆哈密市伊州区,,0,4.7,0,0,0,0,0,CD20221102171325,2022-11-02 17:13:24,0,2022-11-02 17:21:35,0,2022-11-02 17:21:35,44229
M,CC20221102125315.00,,10,31.45,-133.40,,M,,北太平洋,,0,5.8,0,0,0,0,0,CC20221102125315,2022-11-02 12:53:15,0,2022-11-02 13:11:47,0,2022-11-02 13:11:48,44228
M,CC20221102103759.00,,100,-22.40,-68.75,,M,,智利北部,,0,5.1,0,0,0,0,0,CC20221102103759,2022-11-02 10:37:58,0,2022-11-02 11:00:58,0,2022-11-02 11:01:01,44227
M,CD20221102060654.00,,9,33.18,91.96,,M,,青海海西州唐古拉地区,,0,4.8,0,0,0,0,0,CD20221102060654,2022-11-02 06:06:54,0,2022-11-02 06:17:26,0,2022-11-02 06:17:26,44226
M,CC20221101214822.00,,10,33.11,86.75,,M,,西藏那曲市尼玛县,,0,4.9,0,0,0,0,0,CC20221101214822,2022-11-01 21:48:22,0,2022-11-01 21:57:54,0,2022-11-01 21:57:54,44225
M,CC20221101163011.00,,100,24.74,122.46,,M,,台湾宜兰县海域,,0,4.7,0,0,0,0,0,CC20221101163011,2022-11-01 16:30:11,0,2022-11-01 16:43:21,0,2022-11-01 16:43:22,44224
M,CC20221101054252.00,,280,39.95,15.60,,M,,意大利南部海域,,0,5.4,0,0,0,0,0,CC20221101054252,2022-11-01 05:42:51,0,2022-11-01 06:07:17,0,2022-11-01 06:07:20,44223
M,CC20221031212245.00,,160,-2.45,-75.75,,M,,秘鲁北部,,0,5.6,0,0,0,0,0,CC20221031212245,2022-10-31 21:22:45,0,2022-10-31 21:49:44,0,2022-10-31 21:49:46,44222
M,CC20221031164828.00,,10,22.84,121.28,,M,,台湾台东县海域,,0,4.7,0,0,0,0,0,CC20221031164828,2022-10-31 16:48:27,0,2022-10-31 17:03:42,0,2022-10-31 17:03:42,44221
M,CD20221030064928.00,,14,38.88,119.88,,M,,渤海海域,,0,3.6,0,0,0,0,0,CD20221030064928,2022-10-30 06:49:28,0,2022-10-30 07:01:39,0,2022-10-30 07:01:40,44220
M,CC20221030043502.00,,50,-16.10,166.50,,M,,瓦努阿图群岛,,0,5.4,0,0,0,0,0,CC20221030043502,2022-10-30 04:35:01,0,2022-10-30 05:06:50,0,2022-10-30 05:06:52,44219
M,CD20221030022011.00,,17,41.27,83.31,,M,,新疆阿克苏地区库车市,,0,3.0,0,0,0,0,0,CD20221030022011,2022-10-30 02:20:10,0,2022-10-30 02:29:00,0,2022-10-30 02:29:03,44218
M,CD20221029091241.00,,10,41.10,83.77,,M,,新疆阿克苏地区库车市,,0,3.1,0,0,0,0,0,CD20221029091241,2022-10-29 09:12:41,0,2022-10-29 09:23:14,0,2022-10-29 09:23:29,44217
M,CC20221029080949.00,,10,-14.45,-76.35,,M,,秘鲁沿岸近海,,0,5.5,0,0,0,0,0,CC20221029080949,2022-10-29 08:09:48,0,2022-10-29 08:36:39,0,2022-10-29 08:36:55,44216
M,CC20221029042206.00,,10,-14.55,-76.35,,M,,秘鲁沿岸近海,,0,5.6,0,0,0,0,0,CC20221029042206,2022-10-29 04:22:06,0,2022-10-29 04:53:48,0,2022-10-29 04:54:06,44215
M,CD20221028233044.00,,60,24.64,121.96,,M,,台湾宜兰县海域,,0,4.4,0,0,0,0,0,CD20221028233044,2022-10-28 23:30:43,0,2022-10-28 23:42:01,0,2022-10-28 23:42:14,44214
M,CD20221028043452.00,,12,41.78,79.70,,M,,新疆阿克苏地区温宿县,,0,3.0,0,0,0,0,0,CD20221028043452,2022-10-28 04:34:52,0,2022-10-28 04:41:13,0,2022-10-28 04:41:27,44213
M,CD20221028034250.00,,17,40.12,83.11,,M,,新疆阿克苏地区沙雅县,,0,3.0,0,0,0,0,0,CD20221028034250,2022-10-28 03:42:49,0,2022-10-28 03:52:25,0,2022-10-28 03:52:39,44212
M,CD20221026230609.00,,21,37.70,77.78,,M,,新疆和田地区皮山县,,0,3.6,0,0,0,0,0,CD20221026230609,2022-10-26 23:06:08,0,2022-10-26 23:12:51,0,2022-10-26 23:13:06,44211
M,CD20221026155649.00,,19,38.78,75.67,,M,,新疆克孜勒苏州阿克陶县,,0,3.3,0,0,0,0,0,CD20221026155649,2022-10-26 15:56:48,0,2022-10-26 16:03:33,0,2022-10-26 16:03:48,44210
M,CD20221026050811.00,,10,37.66,92.26,,M,,青海海西州茫崖市,,0,3.6,0,0,0,0,0,CD20221026050811,2022-10-26 05:08:10,0,2022-10-26 05:17:28,0,2022-10-26 05:17:44,44209
M,CC20221025225860.00,,10,17.70,120.80,,M,,菲律宾,,0,6.5,0,0,0,0,0,CC20221025225860,2022-10-25 22:58:59,0,2022-10-25 23:22:56,0,2022-10-25 23:23:09,44208
M,CD20221025203415.00,,10,37.76,101.19,,M,,青海海北州门源县,,0,3.0,0,0,0,0,0,CD20221025203415,2022-10-25 20:34:15,0,2022-10-25 20:40:23,0,2022-10-25 20:40:37,44207
M,CD20221025124818.00,,20,37.69,77.82,,M,,新疆和田地区皮山县,,0,3.4,0,0,0,0,0,CD20221025124818,2022-10-25 12:48:17,0,2022-10-25 12:54:19,0,2022-10-25 12:54:34,44206
M,CD20221025094826.00,,14,38.36,113.72,,M,,河北石家庄市平山县,,0,2.1,0,0,0,0,0,CD20221025094826,2022-10-25 09:48:25,0,2022-10-25 09:53:46,0,2022-10-25 09:54:01,44205
M,CD20221025085457.00,,23,37.64,77.77,,M,,新疆和田地区皮山县,,0,3.0,0,0,0,0,0,CD20221025085457,2022-10-25 08:54:57,0,2022-10-25 09:03:27,0,2022-10-25 09:03:42,44204
M,CC20221025081306.00,,90,-58.75,-26.05,,M,,南桑威奇群岛,,0,6.6,0,0,0,0,0,CC20221025081306,2022-10-25 08:13:05,0,2022-10-25 08:36:10,0,2022-10-25 08:36:23,44203
M,CD20221025054924.00,,23,37.67,77.77,,M,,新疆和田地区皮山县,,0,3.4,0,0,0,0,0,CD20221025054924,2022-10-25 05:49:24,0,2022-10-25 05:55:51,0,2022-10-25 05:56:06,44202
M,CD20221025043745.00,,21,37.67,77.76,,M,,新疆和田地区皮山县,,0,3.0,0,0,0,0,0,CD20221025043745,2022-10-25 04:37:44,0,2022-10-25 04:45:03,0,2022-10-25 04:45:17,44201
M,CD20221025030623.00,,20,37.65,77.74,,M,,新疆和田地区皮山县,,0,3.1,0,0,0,0,0,CD20221025030623,2022-10-25 03:06:23,0,2022-10-25 03:13:30,0,2022-10-25 03:13:44,44200
M,CD20221024211558.00,,15,36.45,114.08,,M,,河北邯郸市磁县,,0,2.0,0,0,0,0,0,CD20221024211558,2022-10-24 21:15:57,0,2022-10-24 21:21:42,0,2022-10-24 21:21:56,44199
M,CC20221024155105.00,,40,-15.10,-173.10,,M,,汤加群岛,,0,5.7,0,0,0,0,0,CC20221024155105,2022-10-24 15:51:05,0,2022-10-24 16:20:07,0,2022-10-24 16:20:21,44198
M,CD20221024143258.00,,24,37.68,77.76,,M,,新疆和田地区皮山县,,0,3.1,0,0,0,0,0,CD20221024143258,2022-10-24 14:32:57,0,2022-10-24 14:39:05,0,2022-10-24 14:39:16,44197
M,CD20221024140013.00,,19,37.70,77.78,,M,,新疆和田地区皮山县,,0,3.9,0,0,0,0,0,CD20221024140013,2022-10-24 14:00:12,0,2022-10-24 14:08:03,0,2022-10-24 14:08:14,44196
M,CC20221024100642.00,,250,7.15,125.50,,M,,菲律宾棉兰老岛,,0,5.3,0,0,0,0,0,CC20221024100642,2022-10-24 10:06:41,0,2022-10-24 10:25:59,0,2022-10-24 10:26:10,44195
M,CD20221024081359.00,,9,24.26,98.94,,M,,云南保山市龙陵县,,0,3.0,0,0,0,0,0,CD20221024081359,2022-10-24 08:13:58,0,2022-10-24 08:19:12,0,2022-10-24 08:19:21,44194
M,CD20221024065811.00,,21,37.66,77.86,,M,,新疆和田地区皮山县,,0,3.4,0,0,0,0,0,CD20221024065811,2022-10-24 06:58:11,0,2022-10-24 07:03:24,0,2022-10-24 07:03:34,44193
M,CD20221024025818.00,,9,24.27,98.94,,M,,云南保山市龙陵县,,0,3.1,0,0,0,0,0,CD20221024025818,2022-10-24 02:58:18,0,2022-10-24 03:04:37,0,2022-10-24 03:04:45,44192
M,CD20221023232708.00,,22,37.70,77.79,,M,,新疆和田地区皮山县,,0,3.0,0,0,0,0,0,CD20221023232708,2022-10-23 23:27:08,0,2022-10-23 23:33:18,0,2022-10-23 23:33:27,44191
M,CD20221023231345.00,,23,37.64,77.83,,M,,新疆和田地区皮山县,,0,3.6,0,0,0,0,0,CD20221023231345,2022-10-23 23:13:44,0,2022-10-23 23:19:46,0,2022-10-23 23:19:54,44190
M,CC20221023230659.00,,17,37.71,77.85,,M,,新疆和田地区皮山县,,0,5.1,0,0,0,0,0,CC20221023230659,2022-10-23 23:06:58,0,2022-10-23 23:15:14,0,2022-10-23 23:15:21,44189
M,CD20221023225321.00,,17,37.70,77.83,,M,,新疆和田地区皮山县,,0,4.8,0,0,0,0,0,CD20221023225321,2022-10-23 22:53:20,0,2022-10-23 23:01:12,0,2022-10-23 23:01:19,44188
M,CD20221023200257.00,,8,28.10,104.95,,M,,四川宜宾市珙县,,0,3.0,0,0,0,0,0,CD20221023200257,2022-10-23 20:02:57,0,2022-10-23 20:10:08,0,2022-10-23 20:10:16,44187
M,CC20221023100829.00,,110,-22.05,-68.80,,M,,智利北部,,0,5.0,0,0,0,0,0,CC20221023100829,2022-10-23 10:08:28,0,2022-10-23 10:34:34,0,2022-10-23 10:34:40,44186
M,CC20221022131702.00,,12,29.61,102.03,,M,,四川甘孜州泸定县,,0,5.0,0,0,0,0,0,CC20221022131702,2022-10-22 13:17:01,0,2022-10-22 13:26:50,0,2022-10-22 13:27:28,44185
M,CD20221021030014.00,,15,39.25,105.94,,M,,内蒙古阿拉善盟阿拉善左旗,,0,3.6,0,0,0,0,0,CD20221021030014,2022-10-21 03:00:13,0,2022-10-21 03:07:28,0,2022-10-21 03:08:02,44184
M,CC20221020195711.00,,10,7.65,-82.30,,M,,巴拿马以南海域,,0,6.7,0,0,0,0,0,CC20221020195711,2022-10-20 19:57:10,0,2022-10-20 20:21:55,0,2022-10-20 20:22:23,44183
M,CC20221019230304.00,,10,-7.50,-13.65,,M,,阿森松岛地区,,0,5.8,0,0,0,0,0,CC20221019230304,2022-10-19 23:03:03,0,2022-10-19 23:31:05,0,2022-10-19 23:31:29,44182
M,CD20221019172704.00,,10,37.02,84.77,,M,,新疆巴音郭楞州且末县,,0,3.3,0,0,0,0,0,CD20221019172704,2022-10-19 17:27:03,0,2022-10-19 17:34:33,0,2022-10-19 17:34:55,44181
M,CD20221019172240.00,,10,27.94,86.03,,M,,西藏日喀则市聂拉木县,,0,4.2,0,0,0,0,0,CD20221019172240,2022-10-19 17:22:40,0,2022-10-19 17:31:15,0,2022-10-19 17:31:39,44180
M,CC20221019123535.00,,11,37.69,92.30,,M,,青海海西州茫崖市,,0,5.5,0,0,0,0,0,CC20221019123535,2022-10-19 12:35:34,0,2022-10-19 12:45:57,0,2022-10-19 12:46:19,44179
M,CC20221017212042.00,,10,21.63,120.97,,M,,台湾屏东县海域,,0,4.8,0,0,0,0,0,CC20221017212042,2022-10-17 21:20:41,0,2022-10-17 21:35:35,0,2022-10-17 21:35:49,44178
M,CD20221017164825.00,,10,33.58,81.84,,M,,西藏阿里地区日土县,,0,3.7,0,0,0,0,0,CD20221017164825,2022-10-17 16:48:24,0,2022-10-17 16:54:47,0,2022-10-17 16:55:00,44177
M,CD20221017125301.00,,12,39.42,78.10,,M,,新疆喀什地区巴楚县,,0,3.8,0,0,0,0,0,CD20221017125301,2022-10-17 12:53:01,0,2022-10-17 12:59:29,0,2022-10-17 12:59:40,44176
M,CD20221016230206.00,,22,40.17,83.15,,M,,新疆阿克苏地区沙雅县,,0,4.6,0,0,0,0,0,CD20221016230206,2022-10-16 23:02:06,0,2022-10-16 23:10:11,0,2022-10-16 23:10:18,44175
M,CC20221016204823.00,,10,4.40,-87.55,,M,,中美洲沿岸远海,,0,6.5,0,0,0,0,0,CC20221016204823,2022-10-16 20:48:22,0,2022-10-16 21:10:38,0,2022-10-16 21:10:45,44174
M,CD20221016184145.00,,17,39.43,78.11,,M,,新疆喀什地区巴楚县,,0,3.7,0,0,0,0,0,CD20221016184145,2022-10-16 18:41:45,0,2022-10-16 18:47:50,0,2022-10-16 18:47:58,44173
M,CD20221016172739.00,,22,39.47,78.11,,M,,新疆喀什地区巴楚县,,0,3.2,0,0,0,0,0,CD20221016172739,2022-10-16 17:27:38,0,2022-10-16 17:32:02,0,2022-10-16 17:32:09,44172
M,CC20221016165432.00,,17,39.42,78.13,,M,,新疆喀什地区巴楚县,,0,5.1,0,0,0,0,0,CC20221016165432,2022-10-16 16:54:31,0,2022-10-16 17:04:44,0,2022-10-16 17:04:50,44171
M,CC20221014085353.00,,10,52.05,105.75,,M,,俄罗斯贝加尔湖地区,,0,5.1,0,0,0,0,0,CC20221014085353,2022-10-14 08:53:53,0,2022-10-14 09:14:46,0,2022-10-14 09:15:19,44170
M,CC20221014062023.00,,90,-4.75,153.45,,M,,新爱尔兰地区,,0,6.3,0,0,0,0,0,CC20221014062023,2022-10-14 06:20:22,0,2022-10-14 06:49:43,0,2022-10-14 06:50:15,44169
M,CD20221013155657.00,,10,42.34,81.17,,M,,新疆伊犁州昭苏县,,0,3.1,0,0,0,0,0,CD20221013155657,2022-10-13 15:56:56,0,2022-10-13 16:02:55,0,2022-10-13 16:03:24,44168
M,CD20221013073421.00,,10,36.37,114.35,,M,,河北邯郸市磁县,,0,2.1,0,0,0,0,0,CD20221013073421,2022-10-13 07:34:21,0,2022-10-13 07:38:52,0,2022-10-13 07:39:17,44167
M,CD20221013071704.00,,19,37.69,77.82,,M,,新疆和田地区皮山县,,0,3.2,0,0,0,0,0,CD20221013071704,2022-10-13 07:17:03,0,2022-10-13 07:24:03,0,2022-10-13 07:24:31,44166
M,CD20221012180214.00,,10,36.91,95.88,,M,,青海海西州都兰县,,0,3.4,0,0,0,0,0,CD20221012180214,2022-10-12 18:02:13,0,2022-10-12 18:06:56,0,2022-10-12 18:07:23,44165
M,CD20221011103535.00,,10,42.16,80.74,,M,,新疆阿克苏地区拜城县,,0,3.0,0,0,0,0,0,CD20221011103535,2022-10-11 10:35:35,0,2022-10-11 10:45:34,0,2022-10-11 10:45:51,44164
M,CC20221011032443.00,,20,23.93,122.26,,M,,台湾花莲县海域,,0,5.6,0,0,0,0,0,CC20221011032443,2022-10-11 03:24:43,0,2022-10-11 03:34:46,0,2022-10-11 03:35:00,44163
M,CD20221010201752.00,,23,23.63,121.55,,M,,台湾花莲县海域,,0,4.6,0,0,0,0,0,CD20221010201752,2022-10-10 20:17:51,0,2022-10-10 20:26:43,0,2022-10-10 20:26:55,44162
M,CD20221010182132.00,,9,31.36,116.11,,M,,安徽六安市霍山县,,0,3.2,0,0,0,0,0,CD20221010182132,2022-10-10 18:21:31,0,2022-10-10 18:28:26,0,2022-10-10 18:28:38,44161
M,CD20221010103418.00,,9,25.42,101.95,,M,,云南楚雄州元谋县,,0,3.2,0,0,0,0,0,CD20221010103418,2022-10-10 10:34:17,0,2022-10-10 10:40:23,0,2022-10-10 10:40:33,44160
